phase	gam	tau	cap	iters	t_s	conv	pinf_end	pinf_min	dobj_end	verdict	F_lmin	F_res	F_unpin	I_beta	I_eps	slope	aitken	note
seed	0.2191512	1e-07	30000	7421	17.0832	1	1e-07	1e-07	1.8216e-09	F	-3.6254866e-08	5.2765798e-16	3.353416e-16	NaN	NaN	-1.791762	4.1088123e-08	
probe	0.1095756	0.0074852227	2000	2000	4.39297	0	0.0146	0.0145	6.1608	i	NaN	NaN	NaN	0.024410489	3.1520183e-05	-0.019763255	0.0144	
probe	0.1549633	0.0036666617	3296	3296	7.27318	0	0.00482	0.00481	1.3656	i	NaN	NaN	NaN	0.0083598907	1.6191452e-05	-0.059128955	0.0046095455	
probe	0.18428346	0.0021193188	4838	1336	2.90366	1	0.000609	0.000228	0.0021225	f	NaN	NaN	NaN	NaN	NaN	-1.490796	7.4947603e-05	
probe	0.16898868	0.00098005165	8300	8300	18.4004	0	0.00229	0.00228	1.5109	i	NaN	NaN	NaN	0.0039973308	6.2057277e-06	-0.012383482	0.0022778947	
probe	0.17647044	0.00050896779	13131	13131	29.0839	0	0.00102	0.00101	0.25246	i	NaN	NaN	NaN	0.0017722212	2.551784e-06	-0.041626107	0.00099714286	
probe	0.18033464	0.00025935205	20000	20000	44.8316	0	0.000378	0.000378	0.072065	i	NaN	NaN	NaN	0.00070109908	3.8930612e-06	-0.026472211	0.00037686047	
probe	0.18229836	0.0001309093	20000	20000	45.1739	0	6.34e-05	6.34e-05	0.0015028	f	NaN	NaN	NaN	0.0001960633	6.8390457e-06	-0.1052889	6.231831e-05	
probe	0.18131384	6.5144442e-05	20000	20000	44.9133	0	0.000219	0.000219	0.013757	i	NaN	NaN	NaN	0.00042532585	3.8291135e-06	-0.11395619	0.00020947059	
probe	0.18180543	3.2649539e-05	20000	20000	44.7381	0	0.00014	0.00014	0.010788	i	NaN	NaN	NaN	0.00030763882	4.898985e-06	-0.14684139	0.000131	
probe	0.18205173	1.634413e-05	20000	20000	45.2579	0	0.000107	0.000107	0.0038769	i	NaN	NaN	NaN	0.00030389018	9.1693425e-06	-0.14117606	0.00010095	
probe	0.182175	8.176909e-06	20000	20000	46.3266	0	8.06e-05	8.06e-05	0.001897	i	NaN	NaN	NaN	0.00020609307	5.2654167e-06	-0.17191246	7.3168571e-05	
cert	0.18229836	1e-07	30000	30000	67.8576	0	5.86e-05	5.86e-05	0.0014811	i	-6.7269638e-06	1.1257652e-15	0.00012101448	0.00014950535	3.7947623e-06	-0.17156536	2.2093333e-05	
cert	0.18248066	1e-07	30000	30000	67.6393	0	3.09e-05	3.09e-05	0.00069521	i	-3.6956715e-06	8.4158012e-16	6.3794656e-05	0.00011600882	4.8736045e-06	-0.21637701	2.4947619e-05	
cert	0.18266296	1e-07	30000	30000	66.3803	0	3.9e-06	3.9e-06	3.2795e-05	F	-2.8715773e-08	1.1186317e-15	1.5086119e-15	NaN	NaN	-0.91427013	3.043705e-06	
