ctrl_rd1	1e-6	143	0				224900							
ctrl_rd1	1e-6	143	0				224900							
ctrl_rd1	1e-4	124	1				16900							
est_rd1	1e-4	124	1				45900							
est_rd1	1e-4	124	1				45900							
est_rd1	1e-4	124	1				45900							
h2_2dc_rd	1e-4	124	1				3000							
h2c_rd1	1e-4	124	1				13500							
h2cco_rd1	1e-4	124	1				24600							
h2ctrl_rd1	1e-4	124	1				14900							
h2est_rd1	1e-4	124	1				12800							
h2o_rd1	1e-4	124	1				13800							
h2oco_rd1	1e-4	124	1				24500							
est_rd1	1e-6	124	1				118500							
est_rd1	1e-6	124	1				118500							
hinf2_rd	1e-4	124	1				1300							
hinf2du_rd	1e-4	124	1				1300							
hinf2nc_rd	1e-4	124	1				900							
hinf_rd1	1e-4	124	1				10300							
hinf_rd1_hv	1e-4	0	0	0.112254	72.3662	72.4784	4184	1.8e-05	1.7e-05	1.0e-04	-0.0e+00	-0.0e+00	804	804
hinf_rd1_hv	1e-6	124	1				18100							
h2_2dc_rd	1e-6	124	1				18700							
h2_2dc_rd	1e-6	124	1				18700							
hinfco_rd1	1e-4	124	1				12300							
hinfdu_rd1	1e-4	124	1				14400							
hinfduco_rd1	1e-4	124	1				26400							
nl_fisher_gamfix	1e-4	124	1				2800							
nl_fisher_nobnd	1e-4	124	1				3100							
nl_fisher_opt	1e-4	124	1				2800							
scale_stab_n02	1e-4	0	0	0.0932249	5.89989	5.99311	519	4.5e-05	9.9e-05	4.9e-06	-0.0e+00	-0.0e+00	806	806
scale_stab_n02	1e-6	0	0	0.0945556	45.4078	45.5023	4023	9.9e-07	9.8e-07	1.2e-07	-0.0e+00	-0.0e+00	806	806
scale_stab_n04	1e-4	0	0	0.102964	9.12919	9.23215	519	4.5e-05	9.9e-05	4.9e-06	-0.0e+00	-0.0e+00	808	808
scale_stab_n04	1e-6	0	0	0.0960167	69.9664	70.0624	4023	9.9e-07	9.8e-07	1.2e-07	-0.0e+00	-0.0e+00	808	808
scale_stab_n08	1e-4	0	0	0.117882	7.93071	8.0486	519	4.5e-05	9.9e-05	4.9e-06	-0.0e+00	-0.0e+00	814	814
scale_stab_n08	1e-6	0	0	0.113801	59.7073	59.8211	4023	9.9e-07	9.8e-07	1.2e-07	-0.0e+00	-0.0e+00	814	814
scale_stab_n16	1e-4	0	0	0.16896	12.6187	12.7876	519	4.5e-05	9.9e-05	4.9e-06	-0.0e+00	-0.0e+00	848	850
h2c_rd1	1e-6	124	1				93400							
h2c_rd1	1e-6	124	1				93400							
scale_stab_n16	1e-6	0	0	0.165333	82.4983	82.6636	4023	9.9e-07	9.8e-07	1.2e-07	-0.0e+00	-0.0e+00	848	850
stab2_rd	1e-4	0	0	0.693422	27.5145	28.2079	1316	1.0e-04	9.7e-05	5.3e-05	-0.0e+00	-0.0e+00	866	868
stab2_rd	1e-6	124	1				14200							
stab2dual_rd	1e-4	0	0	0.726151	27.609	28.3352	1316	1.0e-04	9.7e-05	5.3e-05	-0.0e+00	-0.0e+00	866	868
stab2dual_rd	1e-6	124	1				14200							
stab_rd1	1e-4	0	0	0.0841391	1.2375	1.32164	386	9.7e-05	6.1e-05	6.7e-07	-0.0e+00	-0.0e+00	804	804
stab_rd1	1e-6	0	0	0.0786292	16.0442	16.1228	5104	3.8e-07	1.0e-06	1.7e-07	-0.0e+00	-0.0e+00	804	804
stab_rd1_hv	1e-4	0	0	0.0841843	2.0058	2.08998	519	4.5e-05	9.9e-05	4.9e-06	-0.0e+00	-0.0e+00	804	804
stab_rd1_hv	1e-6	0	0	0.0836896	15.8306	15.9143	4023	9.9e-07	9.8e-07	1.2e-07	-0.0e+00	-0.0e+00	804	804
stab_rd1_tight	1e-4	0	0	0.0897076	4.57098	4.66069	1208	9.9e-05	6.3e-05	9.8e-06	-0.0e+00	-0.0e+00	804	804
stab_rd1_tight	1e-6	0	0	0.0850491	31.3284	31.4135	7968	3.9e-07	1.0e-06	2.3e-07	-0.0e+00	-0.0e+00	804	804
stab_tr1	1e-4	0	0	0.086363	0.451416	0.537779	143	7.7e-05	9.7e-05	3.6e-05	-0.0e+00	-0.0e+00	804	804
stab_tr1	1e-6	0	0	0.0828242	1.97676	2.05959	697	9.9e-07	8.2e-07	4.8e-08	-0.0e+00	-0.0e+00	804	804
stab_wave1	1e-4	0	0	0.0852413	1.52222	1.60746	360	7.5e-05	1.0e-04	7.2e-09	-0.0e+00	-0.0e+00	804	804
stab_wave1	1e-6	0	0	0.0760162	37.1841	37.2601	9063	1.9e-07	1.0e-06	1.5e-07	-0.0e+00	-0.0e+00	804	804
stabdual_rd1	1e-4	0	0	0.081188	1.24507	1.32625	386	9.7e-05	6.1e-05	6.7e-07	-0.0e+00	-0.0e+00	804	804
stabdual_rd1	1e-6	0	0	0.0853625	16.0362	16.1216	5104	3.8e-07	1.0e-06	1.7e-07	-0.0e+00	-0.0e+00	804	804
stabpde_rd1	1e-4	0	0	0.0828053	6.51743	6.60023	2284	3.2e-05	3.3e-05	1.0e-04	-0.0e+00	-0.0e+00	804	804
h2cco_rd1	1e-6	124	1				209900							
h2cco_rd1	1e-6	124	1				209900							
stabpde_rd1	1e-6	0	0	0.0848804	111.794	111.879	33236	1.9e-07	3.1e-07	1.0e-06	-0.0e+00	-0.0e+00	804	804
stabpded_rd1	1e-4	0	0	0.0862007	9.50937	9.59557	2284	3.2e-05	3.3e-05	1.0e-04	-0.0e+00	-0.0e+00	804	804
stabpded_rd1	1e-6	0	0	0.0894036	132.894	132.983	33236	1.9e-07	3.1e-07	1.0e-06	-0.0e+00	-0.0e+00	804	804
wellposed_rd1	1e-4	0	0	0.0921616	0.236845	0.329007	44	8.7e-05	5.6e-05	9.1e-08	-0.0e+00	-0.0e+00	804	804
wellposed_rd1	1e-6	0	0	0.0874261	1.15341	1.24084	252	8.5e-07	9.9e-07	3.8e-09	-0.0e+00	-0.0e+00	804	804
h2ctrl_rd1	1e-6	124	1				159900							
h2ctrl_rd1	1e-6	124	1				160000							
h2est_rd1	1e-6	124	1				110200							
h2est_rd1	1e-6	124	1				110300							
h2o_rd1	1e-6	124	1				152200							
h2o_rd1	1e-6	124	1				152300							
h2oco_rd1	1e-6	124	1				401300							
h2oco_rd1	1e-6	124	1				401600							
hinf2_rd	1e-6	124	1				14500							
hinf2_rd	1e-6	124	1				14500							
hinf2du_rd	1e-6	124	1				14400							
hinf2du_rd	1e-6	124	1				14400							
hinf2nc_rd	1e-6	124	1				9600							
hinf2nc_rd	1e-6	124	1				9600							
hinf_rd1	1e-6	0	0	0.0771628	219.927	220.005	39122	1.0e-06	4.8e-07	7.6e-07	-0.0e+00	-0.0e+00	804	804
hinf_rd1	1e-6	0	0	0.0774545	219.66	219.737	39122	1.0e-06	4.8e-07	7.6e-07	-0.0e+00	-0.0e+00	804	804
hinfco_rd1	1e-6	124	1				159700							
hinfco_rd1	1e-6	124	1				159800							
hinfdu_rd1	1e-6	124	1				163000							
hinfdu_rd1	1e-6	124	1				163100							
hinfduco_rd1	1e-6	124	1				597400							
hinfduco_rd1	1e-6	124	1				597800							
nl_fisher_gamfix	1e-6	124	1				22900							
nl_fisher_gamfix	1e-6	124	1				22900							
nl_fisher_nobnd	1e-6	124	1				24800							
nl_fisher_nobnd	1e-6	124	1				24800							
nl_fisher_opt	1e-6	124	1				22400							
nl_fisher_opt	1e-6	124	1				22400							
