id	cls	dim	kind	status	m	Kf	nblk	Ks	nnzAt	nvar	vec_len	normb	c_nnz	t_wall	t_mosek	t_dump	rel_b	rel_dump	gam	gam_exact	feasratio	numerr	pinf	dinf	psd_min	psd_relmin	normx	trivial	note
stab_rd1	stability	1D	feas	ok	130	43	3	[10 15 6]	982	404	239	9.42809e-07	0	5.63993	0.0098814	0.0067501	1.32278e-08	1.32278e-08	NaN	NaN	1.00903	0	0	0	-1.23357e-06	-0.0895686	2.05209e-05	0	
stabdual_rd1	stability	1D	feas	ok	130	43	3	[10 15 6]	982	404	239	9.42809e-07	0	2.16067	0.0084496	0.0063088	1.33245e-08	1.33245e-08	NaN	NaN	1.00903	0	0	0	-1.23357e-06	-0.0895686	2.05209e-05	0	
stabpde_rd1	stability	1D	feas	ok	54	0	3	[10 15 6]	1054	361	196	8.02823e-06	0	1.78431	0.0067482	0.0077012	5.08852e-08	5.08852e-08	NaN	NaN	1.01736	0	0	0	1.53211e-15	9.37513e-12	0.000196774	0	
stabpded_rd1	stability	1D	feas	ok	54	0	3	[10 15 6]	1054	361	196	8.02823e-06	0	1.42805	0.0091675	0.0060097	5.09999e-08	5.09999e-08	NaN	NaN	1.01725	0	0	0	1.53246e-15	9.37737e-12	0.000196773	0	
stab_rd1_hv	stability	1D	feas	ok	135	45	3	[11 20 11]	1315	687	387	9.42809e-07	0	1.43615	0.0079583	0.0081119	2.79054e-08	2.79055e-08	NaN	NaN	1.00666	0	0	0	-2.25401e-06	-0.131179	2.50517e-05	0	
stab_rd1_tight	stability	1D	feas	ok	135	45	3	[11 20 11]	1315	687	387	9.42809e-07	0	1.20817	0.0103839	0.0106977	1.15051e-08	1.15051e-08	NaN	NaN	0.985374	0	0	0	-3.34878e-06	-0.0519762	7.49187e-05	0	
stab_tr1	stability	1D	feas	ok	96	43	3	[10 15 6]	730	404	239	2e-06	0	1.18183	0.0069491	0.004983	6.42328e-08	6.42328e-08	NaN	NaN	0.932941	0	0	0	-3.64812e-06	-0.448683	1.71056e-05	0	
stab_wave1	stability	1D	feas	ok	520	172	3	[20 30 12]	4016	1616	925	1.33333e-06	0	1.6188	0.0249926	0.0281689	5.89671e-08	5.89671e-08	NaN	NaN	1.00366	0	0	0	-3.64637e-06	-0.526183	2.03407e-05	0	
hinf_rd1	hinf	1D	obj	ok	242	44	4	[10 31 13 1]	1945	1275	687	0.707107	1	2.76285	0.0216286	0.0232078	5.10481e-07	5.10481e-07	0.182626	NaN	0.99571	0	0	0	-0.134912	-0.0018381	81.6515	0	
hinfco_rd1	hinf	1D	obj	ok	176	1	4	[10 31 13 1]	2497	1232	644	0.707107	1	3.76693	0.114032	0.110258	9.39136e-07	9.39136e-07	0.193002	NaN	0.998404	2	0	0	1.64607e-09	4.34908e-12	462.572	0	
hinfdu_rd1	hinf	1D	obj	ok	244	44	4	[10 31 13 1]	2005	1275	687	1.41421	1	1.7524	0.0377196	0.0303259	1.51843e-08	1.51843e-08	0.182551	NaN	0.998088	0	0	0	-80.6447	-0.128707	923.798	0	
hinfduco_rd1	hinf	1D	obj	ok	168	1	4	[10 31 13 1]	2200	1232	644	1.41421	1	1.97986	0.0515808	0.0456829	0.001864	0.001864	8251.91	NaN	-0.230266	2	0	0	1.41503e-05	6.63495e-13	2.605e+07	0	
hinf_rd1_hv	hinf	1D	obj	ok	267	46	4	[11 41 23 1]	3266	2378	1250	0.707107	1	1.65756	0.0253462	0.0270677	4.82793e-08	4.82793e-08	0.182482	NaN	0.992536	0	0	0	-0.137259	-0.0212676	8.0367	0	
h2c_rd1	h2	1D	obj	ok	272	44	8	[10 1 30 16 12 7 1 1]	2337	1496	809	1.41421	1	1.73326	0.0369313	0.0274655	2.77525e-07	2.77525e-07	0.288786	NaN	0.995928	0	0	0	-5.28665	-0.00946292	605.894	0	
h2cco_rd1	h2	1D	obj	ok	56	1	5	[10 15 6 1 1]	1111	364	199	1	1	1.66641	0.0302901	0.0331808	1	1	1.01349	NaN	-0.999753	0	1	0	1.32558e-11	1.59114e-12	10.2046	1	
h2o_rd1	h2	1D	obj	ok	269	44	7	[10 8 16 30 7 12 1]	2330	1558	843	0.707107	1	1.84894	0.0640474	0.0541715	3.97282e-06	3.97282e-06	0.0026335	NaN	0.323739	2	0	0	-615.52	-0.065072	18192.1	0	
h2oco_rd1	h2	1D	obj	ok	56	1	5	[10 15 6 1 1]	1056	364	199	0.5	1	1.59434	0.0106584	0.0088024	5.67846e-08	5.67846e-08	9.03171e-05	NaN	0.997604	0	0	0	4.9306e-11	1.16946e-12	49.4668	0	
est_rd1	estimator	1D	obj	ok	189	4	4	[10 32 14 1]	2592	1325	693	0.707107	1	4.7385	0.0689349	0.0593064	1.07103e-06	1.07103e-06	NaN	NaN	0.518507	0	0	0	-1365.97	-0.317185	5102.25	0	
h2est_rd1	estimator	1D	obj	ok	198	25	7	[10 17 30 8 12 1 1]	2559	1524	814	0.707107	1	2.87761	0.0733416	0.0627883	6.45269e-07	6.4527e-07	NaN	NaN	0.637335	2	0	0	-2263.94	-0.29125	11731.8	0	
ctrl_rd1	controller	1D	obj	ok	181	4	4	[10 32 14 1]	2293	1325	693	1.41421	1	2.51324	0.0589239	0.0556425	0.00108361	0.00108361	NaN	NaN	-0.245056	2	0	0	-4.26788e+06	-0.0758059	6.95012e+07	0	
h2ctrl_rd1	controller	1D	obj	ok	202	8	7	[10 30 17 12 8 1 1]	2537	1507	797	1.41421	1	2.81593	0.0552465	0.0577464	0.000781056	0.000781052	NaN	NaN	-0.155426	2	0	0	-2.56348e+06	-0.0491396	7.58613e+07	0	
wellposed_rd1	wellposed	1D	feas	ok	108	0	6	[10 10 15 15 6 6]	2148	722	392	17.6813	0	2.62208	0.0125596	0.0094453	8.74222e-08	8.74222e-08	NaN	NaN	0.999991	0	0	0	7.51795e-09	4.6073e-11	256.783	0	
nl_fisher_opt	nonlinear	1D	obj	ok	5093	1	6	[5 50 50 40 456 380]	1.80334e+06	358962	179972	18.4632	1	109.284	48.2721	50.8504	5.108e-06	5.108e-06	NaN	NaN	1	0	0	0	3.31589e-09	7.94468e-12	687.445	0	
nl_fisher_gamfix	nonlinear	1D	feas	ok	5093	0	6	[5 50 50 40 456 380]	1.80334e+06	358961	179971	18.4632	0	116.932	53.233	54.3158	5.14548e-06	5.14548e-06	NaN	NaN	0.696908	0	0	0	6.78662e-09	1.07285e-11	1019.69	0	
nl_fisher_nobnd	nonlinear	1D	feas	ok	4978	0	4	[5 50 456 380]	1.79684e+06	354861	177876	18.415	0	120.153	60.6214	44.4415	3.43612e-05	3.43612e-05	NaN	NaN	0.921914	0	0	0	1.64727e-08	6.27199e-12	4637.55	0	
stab2_rd	stability	2D	feas	ok	3456	0	2	[8 424]	557492	179840	90136	1.47214e-05	0	25.3645	15.0705	14.6476	2.08158	2.08158	NaN	NaN	-1	2	0	0	5.56097e-13	3.00447e-11	0.0276935	0	
stab2dual_rd	stability	2D	feas	ok	3456	0	2	[8 424]	557492	179840	90136	1.47214e-05	0	26.6465	17.9863	18.1035	0.00843163	0.00843163	NaN	NaN	-1	2	0	0	5.51144e-13	2.65957e-11	0.0287916	0	
hinf2_rd	hinf	2D	obj	ERR	NaN	NaN	NaN		NaN	NaN	NaN	NaN	NaN	NaN	NaN	NaN	NaN	NaN	NaN	NaN	NaN	NaN	NaN	NaN	NaN	NaN	NaN	NaN	Too many input arguments.
hinf2nc_rd	hinf	2D	obj	ERR	NaN	NaN	NaN		NaN	NaN	NaN	NaN	NaN	NaN	NaN	NaN	NaN	NaN	NaN	NaN	NaN	NaN	NaN	NaN	NaN	NaN	NaN	NaN	Too many input arguments.
hinf2du_rd	hinf	2D	obj	ERR	NaN	NaN	NaN		NaN	NaN	NaN	NaN	NaN	NaN	NaN	NaN	NaN	NaN	NaN	NaN	NaN	NaN	NaN	NaN	NaN	NaN	NaN	NaN	Too many input arguments.
h2_2dc_rd	h2	2D	obj	ERR	NaN	NaN	NaN		NaN	NaN	NaN	NaN	NaN	NaN	NaN	NaN	NaN	NaN	NaN	NaN	NaN	NaN	NaN	NaN	NaN	NaN	NaN	NaN	Too many output arguments.
