id	n	status	m	Kf	Ks	nnzAt	nvar	vec_len	t_build	t_dump	schur_GB	note
scale_sent_f1p01_n16	16	ok	34560	11520	[176 320 176]	355104	175872	94032	7.3426	0.47827	8.9	
scale_sent_f1p01_n16	16	ok	34560	11520	[176 320 176]	355104	175872	94032	4.7376	0.34169	8.9	
scale_sent_f1p01_n24	24	ok	77760	25920	[264 480 264]	799941	395712	211320	18.3307	0.72728	45.1	
scale_sent_f1p01_n32	32	ok	138240	46080	[352 640 352]	1422940	703488	375456	80.5317	1.7366	142.4	
scale_rot_f0p50_n08	8	ok	8640	2880	[88 160 88]	204168	43968	23592	3.185	0.28251	0.6	
scale_rot_f0p50_n16	16	ok	34560	11520	[176 320 176]	1349904	175872	94032	7.5393	1.3579	8.9	
scale_rot_f0p50_n24	24	ok	77760	25920	[264 480 264]	4236624	395712	211320	41.3872	3.8246	45.1	
scale_rot_f0p50_n32	32	ok	138240	46080	[352 640 352]	9662368	703488	375456	128.9754	9.0308	142.4	
scale_rot_f1p01_n16	16	ok	34560	11520	[176 320 176]	1349904	175872	94032	7.4042	1.3331	8.9	
scale_rot_f1p01_n24	24	ok	77760	25920	[264 480 264]	4236624	395712	211320	40.4171	3.7137	45.1	
scale_rot_f1p01_n32	32	ok	138240	46080	[352 640 352]	9662368	703488	375456	81.8242	7.7776	142.4	
