run	n	gam	truth	v_old	F_lmin	F_labs	F_eta	F_etapsd	F_normx	t_s
hinf_rd1_hv_B1c_cuadmm	1	0.2189779	F	F	-3.109e-08	-4.957e-08	6.233e-17	4.217e-08	1.855	0.1
hinf_rd1_hv_B1c_cuadmm	2	0.10948895	I	f	-2.458e-03	-2.063e-02	7.248e-17	1.723e-03	7.233	0.2
hinf_rd1_hv_B1c_cuadmm	3	0.15484076	I	f	-1.225e-03	-6.650e-03	3.732e-17	6.667e-04	5.025	0.1
hinf_rd1_hv_B1c_cuadmm	4	0.18413773	F	f	-3.505e-04	-7.932e-04	4.048e-17	1.528e-04	2.396	0.1
hinf_rd1_hv_B1c_cuadmm	5	0.16885505	I	f	-4.812e-04	-3.131e-03	3.268e-17	2.695e-04	5.732	0.1
hinf_rd1_hv_B1c_cuadmm	6	0.1763309	I	f	-2.207e-04	-1.383e-03	1.692e-17	1.194e-04	5.563	0.1
hinf_rd1_hv_B1c_cuadmm	7	0.18019204	I	f	-8.586e-05	-5.100e-04	3.643e-17	4.508e-05	5.333	0.1
hinf_rd1_hv_B1c_cuadmm	8	0.1821542	I	f	-1.540e-05	-8.000e-05	2.325e-17	7.668e-06	4.821	0.1
hinf_rd1_hv_B1c_cuadmm	9	0.18117047	I	f	-4.865e-05	-2.914e-04	1.996e-17	2.559e-05	5.372	0.1
hinf_rd1_hv_B1c_cuadmm	10	0.18166167	I	f	-3.276e-05	-1.842e-04	1.824e-17	1.685e-05	5.107	0.1
hinf_rd1_hv_B1c_cuadmm	11	0.18190777	I	f	-2.455e-05	-1.322e-04	1.731e-17	1.254e-05	4.946	0.1
hinf_rd1_hv_B1c_cuadmm	12	0.18203095	I	f	-2.069e-05	-1.074e-04	2.050e-17	1.030e-05	4.819	0.2
hinf_rd1_hv_B1c_cuadmm	13	0.1821542	I	f	-1.207e-05	-7.294e-05	3.487e-17	6.375e-06	5.414	0.1
hinf_rd1_hv_B1c_cuadmm	14	0.18233636	I	f	-5.796e-06	-3.354e-05	1.790e-17	3.018e-06	5.225	0.1
hinf_rd1_hv_B1c_cuadmm	15	0.18251851	F	F	-8.345e-09	-4.710e-08	1.815e-17	8.996e-09	5.123	0.0
hinf_rd1_hv_B1c_heldout_cuadmm	1	0.18240139	?	f	-3.444e-06	-1.964e-05	4.111e-17	1.783e-06	5.165	0.1
hinfdu_rd1_B1c_cuadmm	1	0.21906664	F	F	-3.124e-09	-1.682e-07	1.132e-16	4.394e-09	112.3	0.0
hinfdu_rd1_B1c_cuadmm	2	0.10953332	I	f	-4.328e-04	-3.714e-02	5.283e-17	4.216e-04	178.1	0.1
hinfdu_rd1_B1c_cuadmm	3	0.15490351	I	f	-1.874e-04	-1.451e-02	4.742e-17	1.870e-04	162.1	0.1
hinfdu_rd1_B1c_cuadmm	4	0.18421235	F	f	-5.549e-06	-4.788e-04	8.848e-17	4.295e-06	181.7	0.0
hinfdu_rd1_B1c_cuadmm	5	0.16892347	I	f	-7.500e-05	-7.099e-03	8.722e-17	7.286e-05	200.4	0.1
hinfdu_rd1_B1c_cuadmm	6	0.17640235	I	f	-3.582e-05	-3.456e-03	4.144e-17	3.556e-05	204.5	0.1
hinfdu_rd1_B1c_cuadmm	7	0.18026506	I	f	-1.230e-05	-1.355e-03	4.631e-17	1.086e-05	236.8	0.1
hinfdu_rd1_B1c_cuadmm	8	0.18222802	I	f	-2.635e-06	-3.258e-04	2.273e-17	2.529e-06	271.2	0.1
hinfdu_rd1_B1c_cuadmm	9	0.1832175	F	f	-1.205e-07	-1.506e-05	4.482e-17	1.445e-07	274.5	0.1
hinfdu_rd1_B1c_cuadmm	10	0.18371425	F	f	-2.119e-08	-2.531e-06	3.892e-17	2.969e-08	260	0.0
hinfdu_rd1_B1c_cuadmm	11	0.18396313	F	f	-2.039e-08	-2.354e-06	4.007e-17	2.786e-08	249.9	0.0
hinfdu_rd1_B1c_cuadmm	12	0.1840877	F	f	-2.392e-08	-2.784e-06	4.589e-17	3.151e-08	252.3	0.0
hinfdu_rd1_B1c_cuadmm	13	0.18421235	F	f	-1.235e-08	-1.393e-06	9.913e-17	1.227e-08	243.2	0.0
hinfdu_rd1_B1c_cuadmm	14	0.18439656	F	f	-1.170e-08	-1.292e-06	1.244e-16	1.320e-08	237.4	0.0
hinfdu_rd1_B1c_cuadmm	15	0.18458078	F	f	-1.222e-08	-1.334e-06	5.835e-17	1.388e-08	234.3	0.0
hinfdu_rd1_B1c_cuadmm	16	0.1849492	F	f	-1.356e-08	-1.413e-06	3.523e-17	1.342e-08	222.3	0.0
hinfdu_rd1_B1c_cuadmm	17	0.18568605	F	F	-6.746e-09	-6.619e-07	8.094e-17	7.648e-09	208.1	0.0
hinfdu_rd1_B1c_heldout_cuadmm	1	0.18247036	?	f	-9.799e-07	-1.304e-04	4.154e-17	8.928e-07	297.1	0.1
hinfdu_rd1_B1e_cuadmm	1	0.21906664	F	F	-1.019e-09	-5.486e-08	1.921e-16	1.423e-09	112.3	0.0
hinfdu_rd1_B1e_cuadmm	2	0.10953332	I	f	-4.328e-04	-3.714e-02	5.283e-17	4.216e-04	178.1	0.1
hinfdu_rd1_B1e_cuadmm	3	0.15490351	I	f	-1.874e-04	-1.451e-02	4.742e-17	1.870e-04	162.1	0.1
hinfdu_rd1_B1e_cuadmm	4	0.18421235	F	f	-5.549e-06	-4.788e-04	8.848e-17	4.295e-06	181.7	0.1
hinfdu_rd1_B1e_cuadmm	5	0.16892347	I	f	-7.500e-05	-7.099e-03	8.722e-17	7.286e-05	200.4	0.0
hinfdu_rd1_B1e_cuadmm	6	0.17640235	I	f	-3.582e-05	-3.456e-03	4.144e-17	3.556e-05	204.5	0.1
hinfdu_rd1_B1e_cuadmm	7	0.18026506	I	f	-1.226e-05	-1.353e-03	3.231e-17	1.083e-05	237.2	0.1
hinfdu_rd1_B1e_cuadmm	8	0.18222802	I	f	-2.199e-06	-2.799e-04	2.925e-17	2.007e-06	281	0.1
hinfdu_rd1_B1e_cuadmm	9	0.1832175	F	f	-8.671e-09	-1.123e-06	2.852e-17	7.441e-09	287.1	0.0
hinfdu_rd1_B1e_cuadmm	10	0.18272209	F	f	-7.205e-09	-1.038e-06	3.647e-17	7.282e-09	329.6	0.0
hinfdu_rd1_B1e_cuadmm	11	0.18296963	F	F	-2.625e-09	-3.554e-07	2.364e-17	2.571e-09	303.7	0.0
hinfdu_rd1_B1e_cuadmm	12	0.18284582	F	F	-1.425e-09	-1.980e-07	7.251e-17	1.200e-09	314.1	0.0
hinfdu_rd1_B1e_cuadmm	13	0.18284582	F	F	-1.425e-09	-1.980e-07	7.251e-17	1.200e-09	314.1	0.0
hinfco_rd1_B1c_cuadmm	1	0.23076549	F	f	-7.250e-07	-2.487e-05	9.374e-17	1.269e-06	32.38	0.0
hinfco_rd1_B1c_cuadmm	2	0.46153097	F	f	-4.738e-07	-7.246e-06	5.101e-17	8.227e-07	16.27	0.0
hinfco_rd1_B1c_cuadmm	3	0.92306195	F	f	-5.572e-07	-3.171e-06	9.518e-17	1.004e-06	8.421	0.0
hinfco_rd1_B1c_cuadmm	4	1.8461239	F	f	-5.917e-07	-1.082e-06	7.404e-17	1.024e-06	5.697	0.0
hinfco_rd1_B1c_cuadmm	5	3.6922478	F	f	-3.269e-07	-3.232e-07	2.481e-17	2.945e-07	7.719	0.0
hinfco_rd1_B1c_heldout_cuadmm	1	0.18649671	I	f	-1.663e-06	-7.601e-05	6.341e-17	3.270e-06	41.25	0.1
hinfco_rd1_B1e_cuadmm	1	0.23076549	F	f	-1.658e-07	-6.788e-06	7.120e-17	3.402e-07	37.77	0.0
ctrl_rd1_B1d_cuadmm	1	4700.3941	F	F	-4.526e-08	-4.526e-08	9.746e-18	4.526e-08	1.045e+04	0.0
ctrl_rd1_B1d_cuadmm	2	2350.1971	?	f	-1.810e-07	-1.810e-07	1.949e-17	1.810e-07	5227	0.0
ctrl_rd1_B1d_cuadmm	3	1175.0985	?	f	-7.242e-07	-7.242e-07	2.436e-17	7.242e-07	2613	0.0
ctrl_rd1_B1d_cuadmm	4	587.54927	?	f	-2.897e-06	-2.897e-06	2.924e-17	2.897e-06	1307	0.0
ctrl_rd1_B1d_cuadmm	5	293.77463	?	f	-1.159e-05	-1.159e-05	3.898e-17	1.159e-05	653.3	0.0
ctrl_rd1_B1d_cuadmm	6	146.88732	?	f	-4.634e-05	-4.634e-05	2.924e-17	4.634e-05	326.7	0.0
ctrl_rd1_B1d_cuadmm	7	73.443659	I	f	-1.853e-04	-1.853e-04	3.655e-17	1.853e-04	163.3	0.0
ctrl_rd1_B1d_cuadmm	8	36.721829	I	f	-7.405e-04	-7.405e-04	2.926e-17	7.405e-04	81.68	0.0
ctrl_rd1_B1d_cuadmm	9	18.360915	I	f	-2.949e-03	-2.949e-03	4.917e-17	2.949e-03	40.86	0.0
ctrl_rd1_B1d_cuadmm	10	9.1804573	I	f	-1.159e-02	-1.159e-02	7.120e-17	1.159e-02	20.47	0.0
ctrl_rd1_B1d_cuadmm	11	4.5902287	I	f	-4.343e-02	-4.339e-02	3.812e-16	4.343e-02	10.31	0.0
ctrl_rd1_B1d_cuadmm	12	2.2951143	I	f	-1.403e-01	-1.389e-01	1.550e-14	1.403e-01	5.297	0.0
ctrl_rd1_B1d_cuadmm	13	3.2457818	I	f	-8.029e-02	-8.003e-02	2.111e-14	8.029e-02	7.356	0.0
ctrl_rd1_B1d_cuadmm	14	3.8599068	I	f	-5.938e-02	-5.928e-02	2.803e-14	5.938e-02	8.7	0.0
ctrl_rd1_B1d_cuadmm	15	4.2092582	I	f	-5.085e-02	-5.078e-02	1.753e-14	5.085e-02	9.467	0.0
ctrl_rd1_B1d_cuadmm	16	4.395618	I	f	-4.700e-02	-4.695e-02	1.704e-14	4.700e-02	9.877	0.0
ctrl_rd1_B1d_cuadmm	17	4.4918695	I	f	-4.518e-02	-4.514e-02	1.658e-14	4.518e-02	10.09	0.0
ctrl_rd1_B1d_cuadmm	18	4.5407828	I	f	-4.430e-02	-4.425e-02	1.613e-14	4.430e-02	10.2	0.0
ctrl_rd1_B1d_cuadmm	19	4.5654388	I	f	-4.386e-02	-4.382e-02	1.615e-14	4.386e-02	10.25	0.0
ctrl_rd1_B1d_cuadmm	20	4.5778169	I	f	-4.364e-02	-4.360e-02	1.614e-14	4.364e-02	10.28	0.0
ctrl_rd1_B1d_cuadmm	21	4.5840186	I	f	-4.354e-02	-4.349e-02	1.625e-14	4.354e-02	10.29	0.0
ctrl_rd1_B1d_cuadmm	22	4.5871226	I	f	-4.348e-02	-4.344e-02	1.618e-14	4.348e-02	10.3	0.0
ctrl_rd1_B1d_cuadmm	23	4.5902287	I	f	-4.343e-02	-4.339e-02	1.435e-14	4.343e-02	10.31	0.0
ctrl_rd1_B1d_cuadmm	24	4.5948189	I	f	-4.335e-02	-4.331e-02	1.385e-14	4.335e-02	10.32	0.0
ctrl_rd1_B1d_cuadmm	25	4.5994091	I	f	-4.327e-02	-4.323e-02	1.413e-14	4.327e-02	10.33	0.0
ctrl_rd1_B1d_cuadmm	26	4.6085896	I	f	-4.311e-02	-4.307e-02	1.417e-14	4.311e-02	10.35	0.0
ctrl_rd1_B1d_cuadmm	27	4.6269505	I	f	-4.280e-02	-4.276e-02	1.315e-14	4.280e-02	10.39	0.0
ctrl_rd1_B1d_cuadmm	28	4.6636723	I	f	-4.218e-02	-4.214e-02	1.276e-14	4.218e-02	10.47	0.0
ctrl_rd1_B1d_cuadmm	29	4.737116	I	f	-4.098e-02	-4.095e-02	1.326e-14	4.098e-02	10.63	0.0
ctrl_rd1_B1d_cuadmm	30	4.8840033	I	f	-3.874e-02	-3.871e-02	1.287e-14	3.874e-02	10.95	0.0
ctrl_rd1_B1d_cuadmm	31	5.1777779	I	f	-3.475e-02	-3.473e-02	1.215e-14	3.475e-02	11.6	0.0
ctrl_rd1_B1d_cuadmm	32	5.7653272	I	f	-2.840e-02	-2.839e-02	1.042e-14	2.840e-02	12.9	0.0
ctrl_rd1_B1d_cuadmm	33	6.9404257	I	f	-1.994e-02	-1.994e-02	8.165e-15	1.994e-02	15.5	0.0
ctrl_rd1_B1d_cuadmm	34	9.2906228	I	f	-1.132e-02	-1.132e-02	5.225e-15	1.132e-02	20.71	0.0
ctrl_rd1_B1d_cuadmm	35	13.991017	I	f	-5.057e-03	-5.057e-03	2.181e-15	5.057e-03	31.15	0.0
ctrl_rd1_B1d_cuadmm	36	23.391805	I	f	-1.821e-03	-1.821e-03	1.057e-15	1.821e-03	52.04	0.0
ctrl_rd1_B1d_cuadmm	37	42.193382	I	f	-5.611e-04	-5.611e-04	1.528e-16	5.611e-04	93.85	0.0
ctrl_rd1_B1d_cuadmm	38	79.796535	I	f	-1.570e-04	-1.570e-04	6.704e-17	1.570e-04	177.5	0.0
ctrl_rd1_B1d_heldout_cuadmm	1	128	I	f	-6.103e-05	-6.103e-05	4.611e-17	6.103e-05	284.7	0.0
ctrl_rd1_B1e_cuadmm	1	4700.3941	F	f	-4.526e-08	-1.064e-04	2.972e-17	4.526e-08	1.045e+04	0.0
ctrl_rd1_B1e_cuadmm	2	9400.7883	F	f	-1.132e-08	-5.319e-05	2.013e-15	1.132e-08	2.091e+04	0.0
ctrl_rd1_B1e_cuadmm	3	18801.577	F	f	-2.829e-09	-2.659e-05	7.850e-16	2.829e-09	4.181e+04	0.0
ctrl_rd1_B1e_cuadmm	4	37603.153	F	f	-7.072e-10	-1.330e-05	6.794e-16	7.072e-10	8.363e+04	0.0
ctrl_rd1_B1e_cuadmm	5	75206.306	F	f	-1.768e-10	-6.649e-06	1.021e-15	1.768e-10	1.673e+05	0.0
ctrl_rd1_B1e_cuadmm	6	53178.889	F	f	-3.536e-10	-9.402e-06	8.468e-16	3.536e-10	1.183e+05	0.0
ctrl_rd1_B1e_cuadmm	7	63240.713	F	f	-2.500e-10	-7.906e-06	5.403e-16	2.500e-10	1.406e+05	0.0
ctrl_rd1_B1e_cuadmm	8	57991.99	F	f	-2.974e-10	-8.622e-06	8.872e-16	2.973e-10	1.29e+05	0.0
ctrl_rd1_B1e_cuadmm	9	55533.32	F	f	-3.243e-10	-9.004e-06	1.482e-15	3.243e-10	1.235e+05	0.0
ctrl_rd1_B1e_cuadmm	10	56749.341	F	f	-3.105e-10	-8.811e-06	1.674e-15	3.105e-10	1.262e+05	0.0
ctrl_rd1_B1e_cuadmm	11	57367.301	F	f	-3.039e-10	-8.716e-06	4.710e-16	3.039e-10	1.276e+05	0.0
ctrl_rd1_B1e_cuadmm	12	57678.8	F	f	-3.006e-10	-8.669e-06	1.160e-15	3.006e-10	1.283e+05	0.0
ctrl_rd1_B1e_cuadmm	13	57522.839	F	f	-3.022e-10	-8.692e-06	7.273e-16	3.022e-10	1.279e+05	0.0
ctrl_rd1_B1e_cuadmm	14	57600.767	F	f	-3.014e-10	-8.681e-06	6.252e-16	3.014e-10	1.281e+05	0.0
ctrl_rd1_B1e_cuadmm	15	57561.79	F	f	-3.018e-10	-8.686e-06	7.850e-16	3.018e-10	1.28e+05	0.0
stab_rd1_B2_cuadmm	1	NaN	F	F	-1.571e-08	-7.678e-08	1.229e-16	1.790e-08	6.31e-06	0.0
stab_rd1_hv_B2_cuadmm	1	NaN	F	F	-8.748e-09	-3.045e-08	1.031e-16	6.667e-09	5.457e-06	0.0
stab_rd1_tight_B2_cuadmm	1	NaN	F	F	-1.506e-09	-2.112e-08	4.049e-17	1.049e-09	2.184e-05	0.0
stab_tr1_B2_cuadmm	1	NaN	F	F	-4.952e-08	-4.101e-08	1.762e-16	3.192e-08	2.177e-06	0.0
stab_wave1_B2_cuadmm	1	NaN	F	F	-6.413e-08	-5.506e-08	2.282e-16	3.718e-08	3.194e-06	0.0
stabdual_rd1_B2_cuadmm	1	NaN	F	F	-1.571e-08	-7.678e-08	1.052e-16	1.790e-08	6.31e-06	0.0
stabpde_rd1_B2_cuadmm	1	NaN	F	F	-4.490e-08	-1.487e-07	5.729e-17	7.243e-08	3.376e-05	0.0
stabpded_rd1_B2_cuadmm	1	NaN	F	F	-4.490e-08	-1.487e-07	3.754e-17	7.243e-08	3.376e-05	0.0
wellposed_rd1_B2_cuadmm	1	NaN	F	f	-1.181e-07	-5.000e-08	9.452e-17	2.528e-07	11.68	0.0
sent101_f1p010000_B2S_cuadmm	1	NaN	I	f	-1.474e-05	-1.033e-03	1.368e-17	1.370e-05	7.179e-05	0.1
sentLPI_f1p000000_B2S_cuadmm	1	NaN	F	f	-7.796e-08	-1.664e-06	2.101e-17	6.510e-08	2.948e-05	0.0
stab2_rd_psz_B5_cuadmm	1	NaN	F	f	-7.805e-06	-1.524e-06	1.120e-15	3.116e-05	7.886e-06	110.0
