phase	gam	tau	cap	iters	t_s	conv	pinf_end	pinf_min	dobj_end	verdict	F_lmin	F_res	F_unpin	F_lmax	F_labs	F_normx	F_eta	F_etaraw	F_strict	F_etapsd	t_init	t_cert	mem_mb	I_beta	I_eps	slope	aitken	note
seed	0.2316024	1e-07	50000	NaN	0.152986	0	NaN	NaN	NaN	F	-8.5156746e-10	1.8549635e-14	1.7656795e-09	101.53931	-8.6467575e-08	84.83895	5.3958766e-17	2.3757457e-09	0	1.7656795e-09	NaN	0.0082388	2303.9023	NaN	NaN	NaN	NaN	sedumi pinf=0 dinf=0 numerr=1
probe	0.1158012	0.0078800895	2000	NaN	0.0577598	0	NaN	NaN	NaN	I	NaN	NaN	NaN	NaN	NaN	NaN	NaN	NaN	NaN	NaN	NaN	0.0001833	2303.9023	6.1022158e-08	0	NaN	NaN	sedumi pinf=1 dinf=0 numerr=0
probe	0.16376763	0.0038510963	3301	NaN	0.0660836	0	NaN	NaN	NaN	I	NaN	NaN	NaN	NaN	NaN	NaN	NaN	NaN	NaN	NaN	NaN	0.0001153	2303.9023	6.6143385e-08	0	NaN	NaN	sedumi pinf=1 dinf=0 numerr=0
probe	0.19475363	0.0022226047	4851	NaN	0.1407372	0	NaN	NaN	NaN	F	-1.2146361e-10	1.6270432e-14	3.0325731e-10	175.49001	-2.1315649e-08	136.04159	6.6332982e-17	4.0380913e-10	0	3.0325731e-10	NaN	0.0097526	2303.9023	NaN	NaN	NaN	NaN	sedumi pinf=0 dinf=0 numerr=1
probe	0.17858986	0.0010291745	8315	NaN	0.0702151	0	NaN	NaN	NaN	I	NaN	NaN	NaN	NaN	NaN	NaN	NaN	NaN	NaN	NaN	NaN	0.0001845	2303.9023	1.691172e-07	0	NaN	NaN	sedumi pinf=1 dinf=0 numerr=0
probe	0.18649671	0.00053421631	13158	NaN	0.0968923	0	NaN	NaN	NaN	I	NaN	NaN	NaN	NaN	NaN	NaN	NaN	NaN	NaN	NaN	NaN	9.56e-05	2303.9023	5.7520452e-08	0	NaN	NaN	sedumi pinf=1 dinf=0 numerr=0
probe	0.19058046	0.00027214402	20000	NaN	0.1006262	0	NaN	NaN	NaN	f	-3.7200436e-09	3.9496838e-14	1.1692689e-08	280.25019	-1.0425429e-06	288.89503	3.0889942e-16	1.0525617e-08	0	8.2679801e-09	NaN	0.0033977	2303.9023	NaN	NaN	NaN	NaN	sedumi pinf=0 dinf=0 numerr=1
probe	0.18852753	0.00013479847	20000	NaN	0.1001188	0	NaN	NaN	NaN	I	NaN	NaN	NaN	NaN	NaN	NaN	NaN	NaN	NaN	NaN	NaN	0.0002072	2303.9023	2.1096721e-08	0	NaN	NaN	sedumi pinf=1 dinf=0 numerr=0
probe	0.18955121	6.7715829e-05	20000	NaN	0.1229858	0	NaN	NaN	NaN	f	-2.7388296e-09	8.8582328e-14	7.3638959e-09	879.76829	-2.4095355e-06	725.47682	3.7431857e-16	6.7994159e-09	0	5.2070607e-09	NaN	0.0020863	2303.9023	NaN	NaN	NaN	NaN	sedumi pinf=0 dinf=0 numerr=1
probe	0.18903868	3.3778541e-05	20000	NaN	0.1001688	0	NaN	NaN	NaN	f	-9.1238332e-09	5.07081e-14	2.449712e-08	399.02871	-3.6406714e-06	412.37102	3.31833e-16	2.4259094e-08	0	1.732208e-08	NaN	0.0022185	2303.9023	NaN	NaN	NaN	NaN	sedumi pinf=0 dinf=0 numerr=1
probe	0.18878293	1.6869457e-05	20000	NaN	0.0934297	0	NaN	NaN	NaN	I	NaN	NaN	NaN	NaN	NaN	NaN	NaN	NaN	NaN	NaN	NaN	0.0001148	2303.9023	1.7003866e-08	0	NaN	NaN	sedumi pinf=1 dinf=0 numerr=0
probe	0.18891076	8.4396783e-06	20000	NaN	0.1325448	0	NaN	NaN	NaN	I	NaN	NaN	NaN	NaN	NaN	NaN	NaN	NaN	NaN	NaN	NaN	0.0002285	2303.9023	6.5634601e-08	0	NaN	NaN	sedumi pinf=1 dinf=0 numerr=0
probe	0.18897471	4.2210771e-06	20000	NaN	0.2335011	0	NaN	NaN	NaN	f	-4.5012234e-09	1.278877e-13	8.8089206e-09	1443.8317	-6.4990093e-06	1110.4035	2.5020513e-16	2.8204973e-08	0	7.4518725e-09	NaN	0.0025612	2303.9023	NaN	NaN	NaN	NaN	sedumi pinf=0 dinf=0 numerr=1
probe	0.18894273	2.110229e-06	20000	NaN	0.1718207	0	NaN	NaN	NaN	I	NaN	NaN	NaN	NaN	NaN	NaN	NaN	NaN	NaN	NaN	NaN	0.0001745	2303.9023	1.3157211e-08	0	NaN	NaN	sedumi pinf=1 dinf=0 numerr=0
probe	0.18895872	1.0551919e-06	20000	NaN	0.1516094	0	NaN	NaN	NaN	f	-9.0287636e-09	4.6905495e-14	2.4220157e-08	430.73897	-3.8890404e-06	437.51707	3.8408539e-16	2.1780407e-08	0	1.7126237e-08	NaN	0.0064091	2303.9023	NaN	NaN	NaN	NaN	sedumi pinf=0 dinf=0 numerr=1
cert	0.18895872	1e-07	50000	NaN	0.125404	0	NaN	NaN	NaN	f	-9.0287636e-09	4.6905495e-14	2.4220157e-08	430.73897	-3.8890404e-06	437.51707	3.8408539e-16	2.1780407e-08	0	1.7126237e-08	NaN	0.0032984	2303.9023	NaN	NaN	NaN	NaN	sedumi pinf=0 dinf=0 numerr=1
cert	0.18897762	1e-07	50000	NaN	0.1803227	0	NaN	NaN	NaN	I	NaN	NaN	NaN	NaN	NaN	NaN	NaN	NaN	NaN	NaN	NaN	0.0001853	2303.9023	6.6114789e-08	0	NaN	NaN	sedumi pinf=1 dinf=0 numerr=0
cert	0.18899651	1e-07	50000	NaN	0.159672	0	NaN	NaN	NaN	I	NaN	NaN	NaN	NaN	NaN	NaN	NaN	NaN	NaN	NaN	NaN	0.0001061	2303.9023	1.5698239e-08	0	NaN	NaN	sedumi pinf=1 dinf=0 numerr=0
cert	0.1890343	1e-07	50000	NaN	0.2893428	0	NaN	NaN	NaN	f	-2.393154e-09	1.5813652e-13	6.3692512e-09	1477.5015	-3.5358887e-06	1134.9459	2.9700486e-16	1.2201032e-08	0	4.5037408e-09	NaN	0.0059374	2303.9023	NaN	NaN	NaN	NaN	sedumi pinf=0 dinf=0 numerr=1
cert	0.18910989	1e-07	50000	NaN	0.1277958	0	NaN	NaN	NaN	f	-9.2080616e-09	4.8997779e-14	2.4752691e-08	372.20435	-3.4272806e-06	390.90465	3.624233e-16	2.2506425e-08	0	1.7502796e-08	NaN	0.0037078	2303.9023	NaN	NaN	NaN	NaN	sedumi pinf=0 dinf=0 numerr=1
cert	0.18926105	1e-07	50000	NaN	0.1153731	0	NaN	NaN	NaN	I	NaN	NaN	NaN	NaN	NaN	NaN	NaN	NaN	NaN	NaN	NaN	0.0001065	2303.9023	2.4536423e-08	0	NaN	NaN	sedumi pinf=1 dinf=0 numerr=0
cert	0.18956339	1e-07	50000	NaN	0.1325051	0	NaN	NaN	NaN	f	-4.0024756e-09	1.3019268e-13	7.7949354e-09	898.21737	-3.5950931e-06	737.66921	2.9862873e-16	2.9341579e-08	0	6.5940957e-09	NaN	0.002339	2303.9023	NaN	NaN	NaN	NaN	sedumi pinf=0 dinf=0 numerr=1
cert	0.19016806	1e-07	50000	NaN	0.1396199	0	NaN	NaN	NaN	f	-3.2876753e-09	5.4983466e-14	8.8758591e-09	455.08538	-1.496173e-06	445.20595	3.6345267e-16	7.8486253e-09	0	6.2761802e-09	NaN	0.0066756	2303.9023	NaN	NaN	NaN	NaN	sedumi pinf=0 dinf=0 numerr=1
cert	0.19137739	1e-07	50000	NaN	0.1225696	0	NaN	NaN	NaN	F	-1.4999051e-09	5.4523321e-14	4.067429e-09	322.22076	-4.8330055e-07	344.32862	3.6054917e-16	1.3600768e-08	0	2.8761066e-09	NaN	0.0057958	2303.9023	NaN	NaN	NaN	NaN	sedumi pinf=0 dinf=0 numerr=1
