phase	gam	tau	cap	iters	t_s	conv	pinf_end	pinf_min	dobj_end	verdict	F_lmin	F_res	F_unpin	F_lmax	F_labs	F_normx	I_beta	I_eps	slope	aitken	note
seed	0.2190612	1e-07	50000	NaN	0.0204203	0	NaN	NaN	NaN	F	-7.7969423e-12	1.0243077e-14	1.4887393e-14	92.26373	-7.1937499e-10	160.25896	NaN	NaN	NaN	NaN	PRIMAL_AND_DUAL_FEASIBLE
probe	0.1095306	0.0038381783	2000	NaN	0.0211179	0	NaN	NaN	NaN	I	NaN	NaN	NaN	NaN	NaN	NaN	0.0008205809	0	NaN	NaN	PRIMAL_INFEASIBLE
probe	0.15489966	0.0019091055	3261	NaN	0.0287808	0	NaN	NaN	NaN	I	NaN	NaN	NaN	NaN	NaN	NaN	0.00026840022	0	NaN	NaN	PRIMAL_INFEASIBLE
probe	0.18420778	0.0011144726	4753	NaN	0.0278023	0	NaN	NaN	NaN	F	-2.3804697e-11	2.8775138e-14	2.9351929e-14	178.85531	-4.2575963e-09	356.97933	NaN	NaN	NaN	NaN	PRIMAL_AND_DUAL_FEASIBLE
probe	0.16891928	0.00051073159	8207	NaN	0.0326351	0	NaN	NaN	NaN	I	NaN	NaN	NaN	NaN	NaN	NaN	0.00012604888	0	NaN	NaN	PRIMAL_INFEASIBLE
probe	0.17639797	0.00026611336	12953	NaN	0.0267974	0	NaN	NaN	NaN	I	NaN	NaN	NaN	NaN	NaN	NaN	5.6174198e-05	0	NaN	NaN	PRIMAL_INFEASIBLE
probe	0.18026058	0.00013585048	20000	NaN	0.0239413	0	NaN	NaN	NaN	I	NaN	NaN	NaN	NaN	NaN	NaN	2.080742e-05	0	NaN	NaN	PRIMAL_INFEASIBLE
probe	0.18222349	6.8637407e-05	20000	NaN	0.0249007	0	NaN	NaN	NaN	I	NaN	NaN	NaN	NaN	NaN	NaN	2.7932622e-06	0	NaN	NaN	PRIMAL_INFEASIBLE
probe	0.18321295	3.4498482e-05	20000	NaN	0.0249654	0	NaN	NaN	NaN	F	-1.5191997e-12	3.0644875e-14	3.4793258e-14	188.96855	-2.8708097e-10	420.33104	NaN	NaN	NaN	NaN	PRIMAL_AND_DUAL_FEASIBLE
probe	0.18271755	1.720408e-05	20000	NaN	0.0269521	0	NaN	NaN	NaN	F	-1.0878457e-12	5.0863119e-14	4.8538047e-14	222.61093	-2.4216635e-10	478.11338	NaN	NaN	NaN	NaN	PRIMAL_AND_DUAL_FEASIBLE
probe	0.18247036	8.5907771e-06	20000	NaN	0.0329706	0	NaN	NaN	NaN	I	NaN	NaN	NaN	NaN	NaN	NaN	7.4009256e-07	0	NaN	NaN	PRIMAL_INFEASIBLE
probe	0.18259391	4.2982009e-06	20000	NaN	0.0257941	0	NaN	NaN	NaN	F	-1.3227259e-12	3.8325887e-14	4.604818e-14	262.78723	-3.4759547e-10	538.65917	NaN	NaN	NaN	NaN	PRIMAL_AND_DUAL_FEASIBLE
probe	0.18253212	2.1483969e-06	20000	NaN	0.0333946	0	NaN	NaN	NaN	i	NaN	NaN	NaN	NaN	NaN	NaN	NaN	NaN	NaN	NaN	UNKNOWN
probe	0.18256302	1.0743743e-06	20000	NaN	0.0262321	0	NaN	NaN	NaN	F	-9.1206606e-13	6.9296639e-14	4.0004968e-14	333.32751	-3.0401671e-10	664.39836	NaN	NaN	NaN	NaN	PRIMAL_AND_DUAL_FEASIBLE
probe	0.18254757	5.3714318e-07	20000	NaN	0.0393797	0	NaN	NaN	NaN	i	NaN	NaN	NaN	NaN	NaN	NaN	NaN	NaN	NaN	NaN	UNKNOWN
probe	0.18255529	2.6858258e-07	20000	NaN	0.0305261	0	NaN	NaN	NaN	i	NaN	NaN	NaN	NaN	NaN	NaN	NaN	NaN	NaN	NaN	UNKNOWN
probe	0.18255915	1.3429404e-07	20000	NaN	0.0387746	0	NaN	NaN	NaN	F	-3.7259017e-11	2.575423e-14	6.745832e-14	361.05346	-1.3452497e-08	721.72242	NaN	NaN	NaN	NaN	PRIMAL_AND_DUAL_FEASIBLE
probe	0.18255722	6.7146332e-08	20000	NaN	0.059157	0	NaN	NaN	NaN	F	-5.4643197e-11	7.267625e-14	6.7636867e-14	375.09154	-2.0496201e-08	752.54136	NaN	NaN	NaN	NaN	PRIMAL_AND_DUAL_FEASIBLE
probe	0.18255626	3.3572994e-08	20000	NaN	0.041083	0	NaN	NaN	NaN	F	-5.503379e-11	4.7229665e-14	4.7728476e-14	384.36179	-2.1152886e-08	770.12427	NaN	NaN	NaN	NaN	PRIMAL_AND_DUAL_FEASIBLE
probe	0.18255577	1.6786454e-08	20000	NaN	0.0395417	0	NaN	NaN	NaN	F	-5.1386511e-11	5.2315535e-14	4.0364585e-14	388.57237	-1.9967378e-08	778.33251	NaN	NaN	NaN	NaN	PRIMAL_AND_DUAL_FEASIBLE
probe	0.18255553	8.3932164e-09	20000	NaN	0.0902197	0	NaN	NaN	NaN	F	-2.0911737e-11	7.5630263e-14	5.9626595e-14	393.41858	-8.2270658e-09	789.27328	NaN	NaN	NaN	NaN	PRIMAL_AND_DUAL_FEASIBLE
probe	0.18255541	4.1966055e-09	20000	NaN	0.0311616	0	NaN	NaN	NaN	i	NaN	NaN	NaN	NaN	NaN	NaN	NaN	NaN	NaN	NaN	UNKNOWN
